ds,actual_demand,forecast,yhat_lower,yhat_upper,product
2015-01-04,66,112.99978756247368,97.60716471818705,127.39842634258895,Field & Stream Sportsman 16 Gun Fire Safe
2015-01-11,128,114.96851134753905,99.45111591722609,129.58046381690326,Field & Stream Sportsman 16 Gun Fire Safe
2015-01-18,111,119.04397590226876,105.11233583679883,133.50717878031662,Field & Stream Sportsman 16 Gun Fire Safe
2015-01-25,140,121.42451435576655,107.3758377473966,136.10018776317844,Field & Stream Sportsman 16 Gun Fire Safe
2015-02-01,114,119.9433503366367,105.08031800887383,133.8686018297384,Field & Stream Sportsman 16 Gun Fire Safe
2015-02-08,96,116.78717329924157,102.23852395883661,131.06149479638395,Field & Stream Sportsman 16 Gun Fire Safe
2015-02-15,121,115.94184853236305,101.4433752684651,129.94860855543277,Field & Stream Sportsman 16 Gun Fire Safe
2015-02-22,109,118.27016606337756,103.8561066843603,132.3258242992251,Field & Stream Sportsman 16 Gun Fire Safe
2015-03-01,120,120.3644210564106,106.06692119057277,134.4790925894906,Field & Stream Sportsman 16 Gun Fire Safe
2015-03-08,134,118.8333209141216,103.58538568582614,133.71854191179602,Field & Stream Sportsman 16 Gun Fire Safe
2015-03-15,107,114.83586181909675,99.29228872338012,128.99050685388468,Field & Stream Sportsman 16 Gun Fire Safe
2015-03-22,120,113.09480828533951,99.17766367031663,127.33966471357598,Field & Stream Sportsman 16 Gun Fire Safe
2015-03-29,112,116.30780678397589,101.53731981484347,130.52248761684965,Field & Stream Sportsman 16 Gun Fire Safe
2015-04-05,120,121.66392755575006,107.77057391648084,135.55260581651987,Field & Stream Sportsman 16 Gun Fire Safe
2015-04-12,123,123.79833759745068,109.18270681857979,138.05285234911221,Field & Stream Sportsman 16 Gun Fire Safe
2015-04-19,114,120.75727402703806,105.92927497945655,135.31791514613047,Field & Stream Sportsman 16 Gun Fire Safe
2015-04-26,119,115.91449713474036,102.01599743453976,130.79706633293785,Field & Stream Sportsman 16 Gun Fire Safe
2015-05-03,130,113.7440469904701,99.49458246826677,127.56571919685956,Field & Stream Sportsman 16 Gun Fire Safe
2015-05-10,105,114.76957336062154,100.11690268058877,128.87279084060933,Field & Stream Sportsman 16 Gun Fire Safe
2015-05-17,114,115.76709919408222,101.64404198789417,130.55606544533546,Field & Stream Sportsman 16 Gun Fire Safe
2015-05-24,117,114.61137807011669,99.91512929636255,129.40770354426004,Field & Stream Sportsman 16 Gun Fire Safe
2015-05-31,128,113.4292428262832,99.3337629865498,127.23036084751415,Field & Stream Sportsman 16 Gun Fire Safe
2015-06-07,113,116.00281223151794,102.10752335919362,129.99558381440153,Field & Stream Sportsman 16 Gun Fire Safe
2015-06-14,137,122.64926293580868,108.16989528503674,136.59376121434946,Field & Stream Sportsman 16 Gun Fire Safe
2015-06-21,114,128.9742389793439,116.3271165111848,143.35984830244672,Field & Stream Sportsman 16 Gun Fire Safe
2015-06-28,129,130.14072963492885,116.53011733738279,144.87451211268626,Field & Stream Sportsman 16 Gun Fire Safe
2015-07-05,137,125.66326044986258,110.66769484415157,139.4138554188179,Field & Stream Sportsman 16 Gun Fire Safe
2015-07-12,131,119.35600113850236,104.8455039442275,133.61971263665197,Field & Stream Sportsman 16 Gun Fire Safe
2015-07-19,113,115.05781491368509,100.95015915105566,129.08347570224547,Field & Stream Sportsman 16 Gun Fire Safe
2015-07-26,102,113.47192468597791,100.88266107410838,128.18843907219787,Field & Stream Sportsman 16 Gun Fire Safe
2015-08-02,114,113.31058878908262,99.24010343168594,128.50223424133267,Field & Stream Sportsman 16 Gun Fire Safe
2015-08-09,106,114.20798933938185,100.09591235502832,128.9716998219205,Field & Stream Sportsman 16 Gun Fire Safe
2015-08-16,114,117.05583229400384,103.16804155624018,131.01771783379738,Field & Stream Sportsman 16 Gun Fire Safe
2015-08-23,133,121.51157489899478,107.36932387844728,136.70912820782584,Field & Stream Sportsman 16 Gun Fire Safe
2015-08-30,105,124.64958431108039,110.65214264287947,139.45102546003469,Field & Stream Sportsman 16 Gun Fire Safe
2015-09-06,151,123.34920001007484,109.33873846579131,137.56936854500302,Field & Stream Sportsman 16 Gun Fire Safe
2015-09-13,113,117.88144510070268,104.09693125536202,133.3093846287841,Field & Stream Sportsman 16 Gun Fire Safe
2015-09-20,99,112.14558163949458,97.53972281884683,127.1091262222662,Field & Stream Sportsman 16 Gun Fire Safe
2015-09-27,106,109.93723412047996,96.40487429733646,124.07223334836132,Field & Stream Sportsman 16 Gun Fire Safe
2015-10-04,118,111.52988154298248,97.62046333102344,124.91357597853096,Field & Stream Sportsman 16 Gun Fire Safe
2015-10-11,112,114.41828073550099,100.92515838952588,128.8740338422443,Field & Stream Sportsman 16 Gun Fire Safe
2015-10-18,126,116.86486146394043,103.11188655811208,131.15086872460853,Field & Stream Sportsman 16 Gun Fire Safe
2015-10-25,99,119.59236094226173,104.02832475922084,133.97329152231757,Field & Stream Sportsman 16 Gun Fire Safe
2015-11-01,137,123.71408059166836,109.26351916179459,138.13030266001653,Field & Stream Sportsman 16 Gun Fire Safe
2015-11-08,140,128.04935307475355,112.99704697233894,143.0993789497523,Field & Stream Sportsman 16 Gun Fire Safe
2015-11-15,121,129.76901839292242,114.5755600517148,144.4151439777272,Field & Stream Sportsman 16 Gun Fire Safe
2015-11-22,124,127.64828262408449,114.43754902869878,142.70654100594868,Field & Stream Sportsman 16 Gun Fire Safe
2015-11-29,115,123.71744751121508,109.73838042491559,138.41482229013994,Field & Stream Sportsman 16 Gun Fire Safe
2015-12-06,135,120.97042883815655,107.40575420520354,135.27266804984467,Field & Stream Sportsman 16 Gun Fire Safe
2015-12-13,118,120.01562592779916,106.04707543943225,132.9012911568019,Field & Stream Sportsman 16 Gun Fire Safe
2015-12-20,130,118.99956383686599,105.16791800034923,133.67523235849043,Field & Stream Sportsman 16 Gun Fire Safe
2015-12-27,141,116.80444449770249,102.7827026424879,130.86004817654583,Field & Stream Sportsman 16 Gun Fire Safe
2016-01-03,110,115.13957939752157,101.30069140512272,130.39718494713958,Field & Stream Sportsman 16 Gun Fire Safe
2016-01-10,124,116.48300397279321,101.43817213402114,130.1413966629617,Field & Stream Sportsman 16 Gun Fire Safe
2016-01-17,134,120.41614582695493,106.15721757922559,134.46392185436585,Field & Stream Sportsman 16 Gun Fire Safe
2016-01-24,126,123.35274614595119,109.60392149051646,138.65363120747355,Field & Stream Sportsman 16 Gun Fire Safe
2016-01-31,119,122.50954420704385,108.06379186179585,137.1897833584892,Field & Stream Sportsman 16 Gun Fire Safe
2016-02-07,119,119.32188923254128,104.31955032388714,133.37579296042708,Field & Stream Sportsman 16 Gun Fire Safe
2016-02-14,114,117.83817830015396,102.51468366588169,131.99151770131272,Field & Stream Sportsman 16 Gun Fire Safe
2016-02-21,139,119.73727837005924,106.54877240604796,134.6715552621952,Field & Stream Sportsman 16 Gun Fire Safe
2016-02-28,137,122.17900520747696,108.10527885544528,136.67189690845638,Field & Stream Sportsman 16 Gun Fire Safe
2016-03-06,109,121.34620293445295,108.07263983802099,135.0479222309401,Field & Stream Sportsman 16 Gun Fire Safe
2016-03-13,124,117.46175522876224,103.1702403388653,130.8257121806685,Field & Stream Sportsman 16 Gun Fire Safe
2016-03-20,128,114.96197246008386,100.20764139035641,128.49432194990993,Field & Stream Sportsman 16 Gun Fire Safe
2016-03-27,121,117.31729403337238,101.70297499386487,131.60555896072088,Field & Stream Sportsman 16 Gun Fire Safe
2016-04-03,113,122.66955044861538,109.46428553586884,136.50449104486844,Field & Stream Sportsman 16 Gun Fire Safe
2016-04-10,142,125.659939941995,110.63679695139525,140.4390820882155,Field & Stream Sportsman 16 Gun Fire Safe
2016-04-17,130,123.39639982205657,108.9654238957336,137.35942122809985,Field & Stream Sportsman 16 Gun Fire Safe
2016-04-24,121,118.47104588498385,103.79109092185503,132.4685872217012,Field & Stream Sportsman 16 Gun Fire Safe
2016-05-01,96,115.60972548010707,101.44268282344021,130.08794466183917,Field & Stream Sportsman 16 Gun Fire Safe
2016-05-08,105,116.21877744865469,101.50032158053389,130.7767542103806,Field & Stream Sportsman 16 Gun Fire Safe
2016-05-15,126,117.45358332639586,103.51604303538053,130.09103388726194,Field & Stream Sportsman 16 Gun Fire Safe
2016-05-22,129,116.62281806061216,101.89768259764055,130.43265447086588,Field & Stream Sportsman 16 Gun Fire Safe
2016-05-29,89,115.11944369778601,100.79366958075306,129.7613650512287,Field & Stream Sportsman 16 Gun Fire Safe
2016-06-05,110,116.8215844021861,102.07823854090067,130.7559503330109,Field & Stream Sportsman 16 Gun Fire Safe
2016-06-12,133,122.93394991883852,109.11926142147497,137.127586473233,Field & Stream Sportsman 16 Gun Fire Safe
2016-06-19,143,129.71216367833372,115.59207916495498,144.39353984969458,Field & Stream Sportsman 16 Gun Fire Safe
2016-06-26,129,131.97007164705292,117.72590452422428,146.31560964338058,Field & Stream Sportsman 16 Gun Fire Safe
2016-07-03,118,128.2753359532634,114.19533590047641,143.07590693125934,Field & Stream Sportsman 16 Gun Fire Safe
2016-07-10,118,121.92562457923907,107.82895499446326,135.8622141116427,Field & Stream Sportsman 16 Gun Fire Safe
2016-07-17,115,117.09225923314227,102.29200379077291,130.53711424608983,Field & Stream Sportsman 16 Gun Fire Safe
2016-07-24,126,115.07567686346256,99.74680147444283,129.71802430405043,Field & Stream Sportsman 16 Gun Fire Safe
2016-07-31,110,114.71528841900331,100.45829480445538,129.33675029469816,Field & Stream Sportsman 16 Gun Fire Safe
2016-08-07,122,115.34476358988505,101.87039525234498,128.75437756810294,Field & Stream Sportsman 16 Gun Fire Safe
2016-08-14,103,117.77196312320635,103.5541027540972,132.31134773920067,Field & Stream Sportsman 16 Gun Fire Safe
2016-08-21,126,122.06599582388648,106.96102213711646,135.97151716867606,Field & Stream Sportsman 16 Gun Fire Safe
2016-08-28,130,125.69120205713025,111.52742275215778,139.94715276415505,Field & Stream Sportsman 16 Gun Fire Safe
2016-09-04,116,125.26750314996943,110.93066625221336,139.0152424341406,Field & Stream Sportsman 16 Gun Fire Safe
2016-09-11,108,120.30354235232267,105.33078992487525,134.48183778113852,Field & Stream Sportsman 16 Gun Fire Safe
2016-09-18,135,114.24736116677383,99.27021492547993,128.80560816095775,Field & Stream Sportsman 16 Gun Fire Safe
2016-09-25,112,111.24466185508479,96.99126398417677,125.34096813612038,Field & Stream Sportsman 16 Gun Fire Safe
2016-10-02,109,112.27946383748801,97.709027129503,126.58286575990084,Field & Stream Sportsman 16 Gun Fire Safe
2016-10-09,115,115.10549557526242,101.00839080120998,128.7750172098617,Field & Stream Sportsman 16 Gun Fire Safe
2016-10-16,119,117.61469390873987,103.22139033280081,131.73724185158,Field & Stream Sportsman 16 Gun Fire Safe
2016-10-23,125,120.1512847050021,105.91984824850542,135.47100659251728,Field & Stream Sportsman 16 Gun Fire Safe
2016-10-30,110,124.00256947013473,110.87905252883117,138.59174270770933,Field & Stream Sportsman 16 Gun Fire Safe
2016-11-06,139,128.48187282100378,114.14889726948157,143.37205240624553,Field & Stream Sportsman 16 Gun Fire Safe
2016-11-13,124,130.83443209392223,116.9354049237327,144.89169845893392,Field & Stream Sportsman 16 Gun Fire Safe
2016-11-20,127,129.32118244122412,115.19901335046127,143.32518399883278,Field & Stream Sportsman 16 Gun Fire Safe
2016-11-27,135,125.45633362327861,111.11856590134094,139.41585324834102,Field & Stream Sportsman 16 Gun Fire Safe
2016-12-04,129,122.34333668338226,108.02237258627895,137.02648778413464,Field & Stream Sportsman 16 Gun Fire Safe
2016-12-11,107,121.15408238621855,107.37448296394297,136.44981142004045,Field & Stream Sportsman 16 Gun Fire Safe
2016-12-18,103,120.28878033474606,107.07082913362207,134.83345776151555,Field & Stream Sportsman 16 Gun Fire Safe
2016-12-25,113,118.24612315454642,103.73311191775079,132.75695714877313,Field & Stream Sportsman 16 Gun Fire Safe
2017-01-01,142,116.26239188374032,102.01615945039326,130.24070899971215,Field & Stream Sportsman 16 Gun Fire Safe
2017-01-08,112,116.9711691775631,102.11861019156386,131.25384957481123,Field & Stream Sportsman 16 Gun Fire Safe
2017-01-15,116,120.63827323919364,107.0830371691752,134.76156045893657,Field & Stream Sportsman 16 Gun Fire Safe
2017-01-22,118,124.0343224124432,109.50983384258065,139.24146054530524,Field & Stream Sportsman 16 Gun Fire Safe
2017-01-29,109,123.88290696547577,110.59633693655638,138.15939801940826,Field & Stream Sportsman 16 Gun Fire Safe
2017-02-05,137,120.82662847334517,106.93219311249457,134.96715666600036,Field & Stream Sportsman 16 Gun Fire Safe
2017-02-12,133,118.7835099966652,103.87783264334483,133.7437828525058,Field & Stream Sportsman 16 Gun Fire Safe
2017-02-19,118,120.17055408965683,105.36787738438312,133.5653550054108,Field & Stream Sportsman 16 Gun Fire Safe
2017-02-26,102,122.84104710592118,108.31771270337084,136.8002011746646,Field & Stream Sportsman 16 Gun Fire Safe
2017-03-05,112,122.73159498996597,109.02883615928968,137.77430217061135,Field & Stream Sportsman 16 Gun Fire Safe
2017-03-12,120,119.13619814103032,104.87941634920153,132.16669225279006,Field & Stream Sportsman 16 Gun Fire Safe
2017-03-19,115,116.02050103992119,101.15017872459704,130.4579951707279,Field & Stream Sportsman 16 Gun Fire Safe
2017-03-26,105,117.47193578305419,103.4781155768365,132.1644380604652,Field & Stream Sportsman 16 Gun Fire Safe
2017-04-02,124,122.64985043044048,108.01995620096329,136.5697679880302,Field & Stream Sportsman 16 Gun Fire Safe
2017-04-09,126,126.41981728247161,112.8807065905919,140.40864732673487,Field & Stream Sportsman 16 Gun Fire Safe
2017-04-16,115,125.05209654793674,109.88114519440238,139.74252943441954,Field & Stream Sportsman 16 Gun Fire Safe
2017-04-23,126,120.2368909004235,106.92673237523721,135.24613134016028,Field & Stream Sportsman 16 Gun Fire Safe
2017-04-30,116,116.75744790946467,103.04450192043248,130.77398585947674,Field & Stream Sportsman 16 Gun Fire Safe
2017-05-07,128,116.87066436206047,102.27655356781202,131.89303787860598,Field & Stream Sportsman 16 Gun Fire Safe
2017-05-14,115,118.26983116510445,103.68388784088391,132.72205600698936,Field & Stream Sportsman 16 Gun Fire Safe
2017-05-21,114,117.83858223034835,103.31902382708506,131.0682075309217,Field & Stream Sportsman 16 Gun Fire Safe
2017-05-28,128,116.17883547000173,101.89600851940814,130.17355462572542,Field & Stream Sportsman 16 Gun Fire Safe
2017-06-04,111,117.08021792637044,102.58454640162995,131.44043094961435,Field & Stream Sportsman 16 Gun Fire Safe
2017-06-11,112,122.55348822980555,107.3496622236504,136.43156304289542,Field & Stream Sportsman 16 Gun Fire Safe
2017-06-18,126,129.6288643574403,115.78863863909002,143.61722709851605,Field & Stream Sportsman 16 Gun Fire Safe
2017-06-25,137,132.95495882644423,119.1597137720016,148.35842681692233,Field & Stream Sportsman 16 Gun Fire Safe
2017-07-02,130,130.1853502421024,115.38545590146147,144.8524078891236,Field & Stream Sportsman 16 Gun Fire Safe
2017-07-09,124,123.96271632748821,110.7690311741119,138.27799515327976,Field & Stream Sportsman 16 Gun Fire Safe
2017-07-16,108,118.65901055561936,104.33764449805439,133.59926052224188,Field & Stream Sportsman 16 Gun Fire Safe
2017-07-23,119,116.1903162583145,101.73521508888622,129.65128051303842,Field & Stream Sportsman 16 Gun Fire Safe
2017-07-30,129,115.63176630741266,101.56614769902833,130.68449163782492,Field & Stream Sportsman 16 Gun Fire Safe
2017-08-06,111,116.05151093265968,102.574068483873,130.384087199996,Field & Stream Sportsman 16 Gun Fire Safe
2017-08-13,130,118.09169710091219,103.25977300255772,132.19489413798334,Field & Stream Sportsman 16 Gun Fire Safe
2017-08-20,128,122.1631091366695,107.16802194547515,136.87390174278332,Field & Stream Sportsman 16 Gun Fire Safe
2017-08-27,142,126.18128403163757,112.64691395359208,140.80520408281674,Field & Stream Sportsman 16 Gun Fire Safe
2017-09-03,104,126.6403656393015,111.71409195302377,140.7868976501913,Field & Stream Sportsman 16 Gun Fire Safe
2017-09-10,114,122.3252362515114,107.81896981629744,136.5148267327639,Field & Stream Sportsman 16 Gun Fire Safe
2017-09-17,143,116.11792694207554,102.00946603427379,130.7517040813694,Field & Stream Sportsman 16 Gun Fire Safe
2017-09-24,140,112.37743820221988,96.78566791485387,126.6925067031796,Field & Stream Sportsman 16 Gun Fire Safe
2017-10-01,138,112.79732785950287,97.41942524435035,127.13578854377668,Field & Stream Sportsman 16 Gun Fire Safe
2017-10-08,3,115.51179766386365,101.45962163243817,128.92137890930528,Field & Stream Sportsman 16 Gun Fire Safe
2015-01-04,306,455.06881692693275,404.46169145554467,499.42949286526783,Perfect Fitness Perfect Rip Deck
2015-01-11,529,481.6326922398915,431.90801293433606,531.6228522541228,Perfect Fitness Perfect Rip Deck
2015-01-18,560,521.828430955204,470.14150788966174,569.6905820480357,Perfect Fitness Perfect Rip Deck
2015-01-25,547,537.8757570879884,488.37564641421756,590.1496976743524,Perfect Fitness Perfect Rip Deck
2015-02-01,522,518.7039882327109,470.3591596324162,572.5917833612767,Perfect Fitness Perfect Rip Deck
2015-02-08,468,490.1343158358595,438.72588394598023,537.3132857938308,Perfect Fitness Perfect Rip Deck
2015-02-15,509,486.4712131719158,435.73192282020636,536.5434830497256,Perfect Fitness Perfect Rip Deck
2015-02-22,510,514.4299520073005,464.97992573834887,563.2025248517251,Perfect Fitness Perfect Rip Deck
2015-03-01,544,547.2540421438814,495.9760846441747,597.2317819323434,Perfect Fitness Perfect Rip Deck
2015-03-08,580,553.4472055843826,504.7734993572844,602.5842687113404,Perfect Fitness Perfect Rip Deck
2015-03-15,537,528.4435511825557,478.2674457788391,584.0964200368163,Perfect Fitness Perfect Rip Deck
2015-03-22,470,496.9886139465606,447.56580749039193,550.7930274460163,Perfect Fitness Perfect Rip Deck
2015-03-29,461,486.6707386104218,440.4446853606329,537.1778822884633,Perfect Fitness Perfect Rip Deck
2015-04-05,566,501.9176691400078,452.90617133270024,550.7042493444569,Perfect Fitness Perfect Rip Deck
2015-04-12,464,523.6718573388642,474.75801223294246,574.5215466260099,Perfect Fitness Perfect Rip Deck
2015-04-19,581,531.2087622205913,483.04985078271324,578.671232452225,Perfect Fitness Perfect Rip Deck
2015-04-26,489,521.5583835581655,473.69300700672176,571.238513883098,Perfect Fitness Perfect Rip Deck
2015-05-03,515,508.4262094284534,460.6004475909202,553.7480868492113,Perfect Fitness Perfect Rip Deck
2015-05-10,466,505.3902724686443,455.59003307221036,554.8769837179219,Perfect Fitness Perfect Rip Deck
2015-05-17,546,512.2691508967055,461.73045374158085,564.0993388761622,Perfect Fitness Perfect Rip Deck
2015-05-24,489,517.1618792691112,468.72500795442755,566.8168141898225,Perfect Fitness Perfect Rip Deck
2015-05-31,498,509.91442320655244,459.74595688480605,557.8377078140559,Perfect Fitness Perfect Rip Deck
2015-06-07,497,492.98804521438626,441.18270375103526,540.7271407559911,Perfect Fitness Perfect Rip Deck
2015-06-14,419,479.87681681364427,435.76672593457454,533.2313823019651,Perfect Fitness Perfect Rip Deck
2015-06-21,579,483.0210182434421,432.7845863318113,532.3946671014317,Perfect Fitness Perfect Rip Deck
2015-06-28,529,502.01983573031487,456.7463201043821,552.0797600630455,Perfect Fitness Perfect Rip Deck
2015-07-05,526,522.6614765812865,475.4663764021054,573.0350707516419,Perfect Fitness Perfect Rip Deck
2015-07-12,469,528.4720694524344,476.608337511743,572.7577267935928,Perfect Fitness Perfect Rip Deck
2015-07-19,567,515.4705766873831,466.33183817407036,561.6233109005444,Perfect Fitness Perfect Rip Deck
2015-07-26,463,496.66723778245085,448.8250369370872,546.1087691034136,Perfect Fitness Perfect Rip Deck
2015-08-02,503,490.8723530832345,442.29541196514003,543.7698397201096,Perfect Fitness Perfect Rip Deck
2015-08-09,535,505.23654430858323,455.9113183241094,556.3350864820866,Perfect Fitness Perfect Rip Deck
2015-08-16,575,528.4106859224728,478.1399691942307,581.022548036577,Perfect Fitness Perfect Rip Deck
2015-08-23,484,541.7797059572353,488.8839481805973,596.7566283269882,Perfect Fitness Perfect Rip Deck
2015-08-30,587,537.6476617307347,488.38231478620935,588.0454353877241,Perfect Fitness Perfect Rip Deck
2015-09-06,511,525.2655501747613,477.73507743850433,575.6206443516588,Perfect Fitness Perfect Rip Deck
2015-09-13,571,518.4775826428888,470.312144309931,569.4143012470887,Perfect Fitness Perfect Rip Deck
2015-09-20,428,519.4274192361555,471.3001217785021,568.7139002184848,Perfect Fitness Perfect Rip Deck
2015-09-27,571,517.4816815416486,471.66871027621073,569.1436374178243,Perfect Fitness Perfect Rip Deck
2015-10-04,486,504.6082056905787,452.57681789705293,557.2275764995732,Perfect Fitness Perfect Rip Deck
2015-10-11,545,488.1853358477842,437.00585245152485,537.6016282778608,Perfect Fitness Perfect Rip Deck
2015-10-18,431,484.3789953420648,435.8171718324048,537.3161315880454,Perfect Fitness Perfect Rip Deck
2015-10-25,485,498.7202107570066,448.5752484599987,553.4412288445817,Perfect Fitness Perfect Rip Deck
2015-11-01,481,517.5525043280654,464.50959281869194,566.1090839370715,Perfect Fitness Perfect Rip Deck
2015-11-08,523,522.5805415964994,472.49210609361523,573.0312183512978,Perfect Fitness Perfect Rip Deck
2015-11-15,513,512.6821502564507,464.0452959770187,563.9486511394811,Perfect Fitness Perfect Rip Deck
2015-11-22,506,506.2305305522575,454.02749779292657,557.6876092611659,Perfect Fitness Perfect Rip Deck
2015-11-29,525,518.7803824367281,467.30410299724605,567.4178095526472,Perfect Fitness Perfect Rip Deck
2015-12-06,493,541.3037738269522,490.8144114294378,589.6292115150335,Perfect Fitness Perfect Rip Deck
2015-12-13,512,546.44435431784,491.7593354107806,596.1830199371576,Perfect Fitness Perfect Rip Deck
2015-12-20,464,518.991798866469,469.53138324843525,573.5391563496843,Perfect Fitness Perfect Rip Deck
2015-12-27,562,476.92503584801386,427.0789095508686,524.6087065675456,Perfect Fitness Perfect Rip Deck
2016-01-03,451,456.95218765329344,405.9529758659811,504.3957332885623,Perfect Fitness Perfect Rip Deck
2016-01-10,482,477.40017163225446,427.99462648861896,522.6894344056248,Perfect Fitness Perfect Rip Deck
2016-01-17,446,518.1480004674236,469.66907249988265,568.3879342205553,Perfect Fitness Perfect Rip Deck
2016-01-24,589,540.4700033499596,490.60573538213305,590.2376491014516,Perfect Fitness Perfect Rip Deck
2016-01-31,478,526.5609767097021,477.1993104607174,577.9927246599501,Perfect Fitness Perfect Rip Deck
2016-02-07,517,496.84602941547416,447.2187252293404,547.9224223251858,Perfect Fitness Perfect Rip Deck
2016-02-14,451,487.1300775588404,437.6373427773947,539.428179877634,Perfect Fitness Perfect Rip Deck
2016-02-21,530,510.6744062632649,462.2575933687738,560.6701491345186,Perfect Fitness Perfect Rip Deck
2016-02-28,472,545.3143593885784,494.7008992481362,594.8873813492569,Perfect Fitness Perfect Rip Deck
2016-03-06,565,557.6205769911908,504.7983469377061,605.019280973999,Perfect Fitness Perfect Rip Deck
2016-03-13,523,536.9755038187313,482.4564611436306,585.1366867796429,Perfect Fitness Perfect Rip Deck
2016-03-20,514,504.2921598384946,452.28830722260125,552.6003754476918,Perfect Fitness Perfect Rip Deck
2016-03-27,527,489.0258195145501,436.19660185153623,540.894183027633,Perfect Fitness Perfect Rip Deck
2016-04-03,536,500.64290341827166,453.474914000562,551.1697684850229,Perfect Fitness Perfect Rip Deck
2016-04-10,542,523.0475452675132,474.4288084906325,571.391144261371,Perfect Fitness Perfect Rip Deck
2016-04-17,530,533.9713461854059,484.30602096218325,584.2518455792185,Perfect Fitness Perfect Rip Deck
2016-04-24,560,526.6884653882497,479.1215402859059,573.8451892130125,Perfect Fitness Perfect Rip Deck
2016-05-01,493,512.9282455204332,466.1415881045977,557.8497468083888,Perfect Fitness Perfect Rip Deck
2016-05-08,549,507.62129720762573,456.9322645461401,557.3740846777738,Perfect Fitness Perfect Rip Deck
2016-05-15,543,513.3972144777808,466.6801657639526,563.2820357478829,Perfect Fitness Perfect Rip Deck
2016-05-22,529,519.6230383140811,466.84552394581584,567.8990089576143,Perfect Fitness Perfect Rip Deck
2016-05-29,543,514.7738658593973,468.49564739450483,567.6300533757727,Perfect Fitness Perfect Rip Deck
2016-06-05,529,498.7595735334807,447.02505845004345,546.3921263091901,Perfect Fitness Perfect Rip Deck
2016-06-12,523,483.81015331513663,432.9772337592842,533.244220552833,Perfect Fitness Perfect Rip Deck
2016-06-19,489,483.59430841884466,433.1313715516545,532.0692222488574,Perfect Fitness Perfect Rip Deck
2016-06-26,530,500.4762176088329,448.2510016667982,549.699808067572,Perfect Fitness Perfect Rip Deck
2016-07-03,482,522.1574921849469,472.1396659782321,573.504562686559,Perfect Fitness Perfect Rip Deck
2016-07-10,524,531.3692732979672,477.7527656390682,582.6190579014211,Perfect Fitness Perfect Rip Deck
2016-07-17,557,521.1498287685289,473.6881122441906,570.1509645505953,Perfect Fitness Perfect Rip Deck
2016-07-24,490,501.8831192347518,454.2207851131046,553.1761358507699,Perfect Fitness Perfect Rip Deck
2016-07-31,466,492.664569016227,439.0814050971038,542.4703556937845,Perfect Fitness Perfect Rip Deck
2016-08-07,494,503.7313184816336,453.7460042549097,554.3295999548428,Perfect Fitness Perfect Rip Deck
2016-08-14,542,526.69212775007,478.11816856436974,579.0071056531742,Perfect Fitness Perfect Rip Deck
2016-08-21,517,542.8344876951643,491.624972600279,592.7191260840373,Perfect Fitness Perfect Rip Deck
2016-08-28,542,541.5146151033431,489.1390733357633,589.9634809758985,Perfect Fitness Perfect Rip Deck
2016-09-04,500,529.4211195598336,477.62625061913394,579.3755289344409,Perfect Fitness Perfect Rip Deck
2016-09-11,558,520.9546101855337,475.29858300999257,571.1889970182809,Perfect Fitness Perfect Rip Deck
2016-09-18,502,521.0275952271589,471.0912104764831,568.615533900396,Perfect Fitness Perfect Rip Deck
2016-09-25,528,520.4618840022649,468.50635173744763,573.6051586547745,Perfect Fitness Perfect Rip Deck
2016-10-02,515,509.43404202470583,460.42719883324855,557.3183068364808,Perfect Fitness Perfect Rip Deck
2016-10-09,448,492.3971389741217,442.1911632057595,543.4820318218499,Perfect Fitness Perfect Rip Deck
2016-10-16,525,485.31000295434615,433.8396144474471,535.309259890968,Perfect Fitness Perfect Rip Deck
2016-10-23,489,496.8504091819277,449.3043966818146,544.6788445967159,Perfect Fitness Perfect Rip Deck
2016-10-30,586,516.3354917456818,464.6898822898869,565.237242097506,Perfect Fitness Perfect Rip Deck
2016-11-06,515,524.5239282227642,473.75156570465833,573.394752290132,Perfect Fitness Perfect Rip Deck
2016-11-13,502,516.2344113700076,464.2421525767118,566.1773906214153,Perfect Fitness Perfect Rip Deck
2016-11-20,529,507.48099959502565,456.2102404228899,555.205046823502,Perfect Fitness Perfect Rip Deck
2016-11-27,503,516.3932213383183,468.95056241974345,565.4867775683639,Perfect Fitness Perfect Rip Deck
2016-12-04,582,538.8649042650349,490.54349095641305,589.0535565014824,Perfect Fitness Perfect Rip Deck
2016-12-11,570,548.9311631572075,496.0759218167465,595.6011058125564,Perfect Fitness Perfect Rip Deck
2016-12-18,562,526.889260661445,478.37081074481324,573.2119015264427,Perfect Fitness Perfect Rip Deck
2016-12-25,502,484.74554749203946,431.84569665998845,533.9356956971623,Perfect Fitness Perfect Rip Deck
2017-01-01,480,458.40369055187847,407.0192510033381,506.67479893884394,Perfect Fitness Perfect Rip Deck
2017-01-08,495,471.9541503774215,423.5795684321341,522.390802677362,Perfect Fitness Perfect Rip Deck
2017-01-15,506,511.8195129597767,462.5174907209323,562.199637776972,Perfect Fitness Perfect Rip Deck
2017-01-22,585,539.7158663960324,488.00762982910277,590.2246147319979,Perfect Fitness Perfect Rip Deck
2017-01-29,489,531.7095080094173,484.6738413335,580.327243108771,Perfect Fitness Perfect Rip Deck
2017-02-05,502,502.0245367567107,455.4560098489856,551.9608636294798,Perfect Fitness Perfect Rip Deck
2017-02-12,487,486.6359177309137,435.8139500518318,538.7342366164817,Perfect Fitness Perfect Rip Deck
2017-02-19,558,504.9048969412763,453.90516608120043,554.0045789871641,Perfect Fitness Perfect Rip Deck
2017-02-26,587,540.1119461853264,494.6973678776061,585.7786342788728,Perfect Fitness Perfect Rip Deck
2017-03-05,510,558.0880937938399,507.7990354805383,608.7761060160861,Perfect Fitness Perfect Rip Deck
2017-03-12,527,542.4588422000954,491.61678812493324,588.9223784579417,Perfect Fitness Perfect Rip Deck
2017-03-19,579,509.49161702201854,457.57202400478735,563.037351724123,Perfect Fitness Perfect Rip Deck
2017-03-26,442,489.5137415330323,438.7722030375488,541.6269793369321,Perfect Fitness Perfect Rip Deck
2017-04-02,447,496.84859330793773,446.37644517865095,546.3438824892199,Perfect Fitness Perfect Rip Deck
2017-04-09,514,519.0502036170649,469.0411992963326,571.71810505164,Perfect Fitness Perfect Rip Deck
2017-04-16,469,533.0605354540564,486.8869044896817,583.7341213068435,Perfect Fitness Perfect Rip Deck
2017-04-23,565,528.4868342539289,480.84094925885967,576.5591487136096,Perfect Fitness Perfect Rip Deck
2017-04-30,526,514.5419534566647,465.4025957400911,564.4404849042552,Perfect Fitness Perfect Rip Deck
2017-05-07,500,506.9945600895343,454.9319726404547,554.1510125213434,Perfect Fitness Perfect Rip Deck
2017-05-14,441,511.2367384834312,463.2478773812236,564.3475016196438,Perfect Fitness Perfect Rip Deck
2017-05-21,514,518.3374685792244,471.45737391445664,565.516118874027,Perfect Fitness Perfect Rip Deck
2017-05-28,537,515.8273878627087,461.4272796557212,566.7568531490143,Perfect Fitness Perfect Rip Deck
2017-06-04,490,501.11236481940404,447.6582100321646,552.1207239218033,Perfect Fitness Perfect Rip Deck
2017-06-11,448,484.7635556929035,432.2090686533679,534.6472253003739,Perfect Fitness Perfect Rip Deck
2017-06-18,393,481.2389138891319,432.5022153600466,533.1799229270812,Perfect Fitness Perfect Rip Deck
2017-06-25,505,495.5495917167695,449.5593170484502,549.1177961664284,Perfect Fitness Perfect Rip Deck
2017-07-02,493,517.6418831784215,464.50222095167703,570.1301474032102,Perfect Fitness Perfect Rip Deck
2017-07-09,551,530.0265319061286,480.04775638423774,580.4089181095704,Perfect Fitness Perfect Rip Deck
2017-07-16,524,522.9611253670075,474.5007857125886,573.23351877605,Perfect Fitness Perfect Rip Deck
2017-07-23,506,503.9079065301059,452.69851240180697,551.7531530063087,Perfect Fitness Perfect Rip Deck
2017-07-30,508,491.6376048283407,444.49806870254486,542.0280687376811,Perfect Fitness Perfect Rip Deck
2017-08-06,474,499.13171191528716,452.81907458787,546.8715388263738,Perfect Fitness Perfect Rip Deck
2017-08-13,516,521.2441707586397,472.94371156221547,571.8597450167126,Perfect Fitness Perfect Rip Deck
2017-08-20,485,539.8094140942878,489.5096954159758,587.1706519568443,Perfect Fitness Perfect Rip Deck
2017-08-27,547,541.5613556619991,492.99480027343617,593.891348498285,Perfect Fitness Perfect Rip Deck
2017-09-03,590,530.2863034638467,474.50046986855193,576.3523881863958,Perfect Fitness Perfect Rip Deck
2017-09-10,491,520.3300301920931,468.5429703598947,567.8177792519882,Perfect Fitness Perfect Rip Deck
2017-09-17,491,519.2098572816141,468.63124762698186,569.540389328401,Perfect Fitness Perfect Rip Deck
2017-09-24,446,519.682115379644,475.33347609838887,566.4971564559247,Perfect Fitness Perfect Rip Deck
2017-10-01,478,510.6687011773553,460.59808095923637,563.1255251562965,Perfect Fitness Perfect Rip Deck
2017-10-08,34,493.6560683139848,444.52378170543886,546.0781476676779,Perfect Fitness Perfect Rip Deck
2015-01-04,64,83.65655260538115,73.4895981157841,94.64186381347496,Diamondback Women's Serene Classic Comfort Bi
2015-01-11,95,89.0336960097925,78.2223302839166,99.45921717736634,Diamondback Women's Serene Classic Comfort Bi
2015-01-18,97,92.81261078185256,81.77027128271949,102.59952195897466,Diamondback Women's Serene Classic Comfort Bi
2015-01-25,82,92.8858195530978,82.23803426488371,103.3105328494133,Diamondback Women's Serene Classic Comfort Bi
2015-02-01,90,91.24231087958425,81.35628161379178,101.33429384233735,Diamondback Women's Serene Classic Comfort Bi
2015-02-08,99,91.40133535650348,81.42798866102977,102.0496513394113,Diamondback Women's Serene Classic Comfort Bi
2015-02-15,95,94.20323975224815,83.56065300089948,104.94657541683924,Diamondback Women's Serene Classic Comfort Bi
2015-02-22,101,96.9332338262164,86.71253219516744,106.97700958026635,Diamondback Women's Serene Classic Comfort Bi
2015-03-01,95,96.72371524893691,86.3221822740802,107.73961119858227,Diamondback Women's Serene Classic Comfort Bi
2015-03-08,85,94.06334557032089,84.30520440801946,104.59286927410965,Diamondback Women's Serene Classic Comfort Bi
2015-03-15,95,92.2178245104401,81.19426342474208,102.0368751755498,Diamondback Women's Serene Classic Comfort Bi
2015-03-22,95,93.36763421321895,82.40447156938265,103.38732191696087,Diamondback Women's Serene Classic Comfort Bi
2015-03-29,81,96.14353990634146,85.55922431232915,106.26913632977502,Diamondback Women's Serene Classic Comfort Bi
2015-04-05,103,97.3737403797478,87.43488100286628,108.22880905574645,Diamondback Women's Serene Classic Comfort Bi
2015-04-12,116,95.73333013332996,84.93371256956922,106.58011638497119,Diamondback Women's Serene Classic Comfort Bi
2015-04-19,99,92.92720224985081,81.87053570290388,103.1589411621055,Diamondback Women's Serene Classic Comfort Bi
2015-04-26,86,91.33658681017712,80.6324902396316,101.49513564319928,Diamondback Women's Serene Classic Comfort Bi
2015-05-03,85,91.3620996407664,81.19895300404936,101.8304431174728,Diamondback Women's Serene Classic Comfort Bi
2015-05-10,78,91.67537543442828,81.35504268222434,102.67866033270403,Diamondback Women's Serene Classic Comfort Bi
2015-05-17,92,91.59104683670616,80.5759720836059,101.88305108846535,Diamondback Women's Serene Classic Comfort Bi
2015-05-24,89,92.10074079387293,82.08480645021584,103.342748107673,Diamondback Women's Serene Classic Comfort Bi
2015-05-31,99,94.1320050967898,84.58792011345629,104.4618409039524,Diamondback Women's Serene Classic Comfort Bi
2015-06-07,89,96.5078021739904,85.5798970143394,106.85975517094225,Diamondback Women's Serene Classic Comfort Bi
2015-06-14,102,96.6762236889437,86.24229698986728,107.12941343982381,Diamondback Women's Serene Classic Comfort Bi
2015-06-21,94,93.7064514844055,83.31581310157418,103.7494238697059,Diamondback Women's Serene Classic Comfort Bi
2015-06-28,87,89.88027976726845,78.6508640621899,100.37659522627847,Diamondback Women's Serene Classic Comfort Bi
2015-07-05,102,88.6369312999824,77.60538145031478,97.93357902051166,Diamondback Women's Serene Classic Comfort Bi
2015-07-12,86,90.98029172203117,79.91609638629511,101.69721098288434,Diamondback Women's Serene Classic Comfort Bi
2015-07-19,91,94.40619026563456,83.74572666224049,104.16811953827262,Diamondback Women's Serene Classic Comfort Bi
2015-07-26,100,95.53568992976467,85.50069656420958,105.55376055303788,Diamondback Women's Serene Classic Comfort Bi
2015-08-02,102,93.45443496052272,82.94540796370067,103.43121916892214,Diamondback Women's Serene Classic Comfort Bi
2015-08-09,91,90.21486955798127,80.11249432174102,101.01287394848919,Diamondback Women's Serene Classic Comfort Bi
2015-08-16,92,88.4318271396888,78.11261001359055,98.9799910379823,Diamondback Women's Serene Classic Comfort Bi
2015-08-23,85,88.95901338788417,78.72669721965394,99.81782182232925,Diamondback Women's Serene Classic Comfort Bi
2015-08-30,92,90.90777206843752,80.42908657773147,100.6935247411328,Diamondback Women's Serene Classic Comfort Bi
2015-09-06,108,93.14432288577095,81.96670261731865,103.52443434001303,Diamondback Women's Serene Classic Comfort Bi
2015-09-13,95,95.07734807273027,84.84579719129427,105.34082186363962,Diamondback Women's Serene Classic Comfort Bi
2015-09-20,104,96.24292789934475,86.06047022324663,106.84044041807944,Diamondback Women's Serene Classic Comfort Bi
2015-09-27,101,96.09850675191262,85.51839830551518,106.54843009369024,Diamondback Women's Serene Classic Comfort Bi
2015-10-04,99,94.81914905982315,84.12284833683148,105.13735839551508,Diamondback Women's Serene Classic Comfort Bi
2015-10-11,97,93.85649039929768,82.60106714256013,104.28787050325138,Diamondback Women's Serene Classic Comfort Bi
2015-10-18,107,94.82501042482158,84.09611627905728,105.10485162520135,Diamondback Women's Serene Classic Comfort Bi
2015-10-25,91,97.5521543385557,86.73603887594884,107.65842864448199,Diamondback Women's Serene Classic Comfort Bi
2015-11-01,95,99.77823927378913,90.21765320575246,111.01545649585218,Diamondback Women's Serene Classic Comfort Bi
2015-11-08,117,99.35046434955945,88.22413242960805,110.21554536186268,Diamondback Women's Serene Classic Comfort Bi
2015-11-15,87,96.56214598398819,85.71932229414529,106.93867735283884,Diamondback Women's Serene Classic Comfort Bi
2015-11-22,94,93.74303937800981,82.3195811727511,105.00511427108825,Diamondback Women's Serene Classic Comfort Bi
2015-11-29,105,92.43113580733431,82.60218988148216,102.90807696861366,Diamondback Women's Serene Classic Comfort Bi
2015-12-06,77,91.59210654534049,81.08871732124823,101.88489743446911,Diamondback Women's Serene Classic Comfort Bi
2015-12-13,96,89.24877528543782,78.51349537184079,99.89037293312764,Diamondback Women's Serene Classic Comfort Bi
2015-12-20,84,85.60015449643588,75.58085789253497,95.61741172780681,Diamondback Women's Serene Classic Comfort Bi
2015-12-27,82,83.57144029553274,73.44792410934245,94.18689764152805,Diamondback Women's Serene Classic Comfort Bi
2016-01-03,108,85.70126082376325,75.07260794877372,96.3522944053943,Diamondback Women's Serene Classic Comfort Bi
2016-01-10,82,90.9163535790911,80.63340818411858,101.99285138316644,Diamondback Women's Serene Classic Comfort Bi
2016-01-17,101,95.24278601698576,85.27106937232062,105.39977762319037,Diamondback Women's Serene Classic Comfort Bi
2016-01-24,95,95.93814135516078,85.6044860150568,105.92589767703052,Diamondback Women's Serene Classic Comfort Bi
2016-01-31,91,94.32337982667329,83.8485350016847,105.5539319751746,Diamondback Women's Serene Classic Comfort Bi
2016-02-07,106,93.97793825258879,83.29518508412541,104.5668052429696,Diamondback Women's Serene Classic Comfort Bi
2016-02-14,74,96.42845905426718,85.80882857274834,106.69267982893234,Diamondback Women's Serene Classic Comfort Bi
2016-02-21,94,99.43490441969705,88.65736814939007,110.34259693507124,Diamondback Women's Serene Classic Comfort Bi
2016-02-28,94,99.82920316078565,89.4438268901402,111.06932745808888,Diamondback Women's Serene Classic Comfort Bi
2016-03-06,98,97.40126102479383,86.5016745615654,107.83914192999325,Diamondback Women's Serene Classic Comfort Bi
2016-03-13,87,95.16227445678373,84.0249052538468,106.2954276391639,Diamondback Women's Serene Classic Comfort Bi
2016-03-20,96,95.77124282196257,85.51325446554675,106.51130003944135,Diamondback Women's Serene Classic Comfort Bi
2016-03-27,108,98.48414910799765,87.36253178136573,109.02490837913555,Diamondback Women's Serene Classic Comfort Bi
2016-04-03,101,100.176653287587,89.9344965691515,110.75316200092139,Diamondback Women's Serene Classic Comfort Bi
2016-04-10,87,98.9924031048665,88.66276691301307,109.22220379736481,Diamondback Women's Serene Classic Comfort Bi
2016-04-17,91,96.19105762915984,85.39625931109661,105.95771301083217,Diamondback Women's Serene Classic Comfort Bi
2016-04-24,89,94.27690225495088,84.41757578238555,105.26336680849275,Diamondback Women's Serene Classic Comfort Bi
2016-05-01,84,94.08601932959637,83.59081698469839,104.95889741009944,Diamondback Women's Serene Classic Comfort Bi
2016-05-08,92,94.44383019195251,83.24052625969422,105.17704802120367,Diamondback Women's Serene Classic Comfort Bi
2016-05-15,103,94.39344244639022,84.08564095827298,104.57226969181137,Diamondback Women's Serene Classic Comfort Bi
2016-05-22,90,94.68843301444488,84.13930447743402,104.70648295122045,Diamondback Women's Serene Classic Comfort Bi
2016-05-29,99,96.45993734702687,86.09535838015978,107.53205232794552,Diamondback Women's Serene Classic Comfort Bi
2016-06-05,111,98.95315257874341,88.1696242022686,109.91886906958527,Diamondback Women's Serene Classic Comfort Bi
2016-06-12,105,99.66802191624785,89.73405988868656,109.96148910542324,Diamondback Women's Serene Classic Comfort Bi
2016-06-19,80,97.17520141603968,86.48060099209918,107.97888537572346,Diamondback Women's Serene Classic Comfort Bi
2016-06-26,100,93.2309061495175,82.78836459950898,103.18565546465254,Diamondback Women's Serene Classic Comfort Bi
2016-07-03,94,91.34272218824466,80.92802068737112,100.64125758197956,Diamondback Women's Serene Classic Comfort Bi
2016-07-10,91,93.14332727573145,83.27980904171467,104.03306022119749,Diamondback Women's Serene Classic Comfort Bi
2016-07-17,94,96.64797436783802,86.8184429011117,106.70012818022148,Diamondback Women's Serene Classic Comfort Bi
2016-07-24,106,98.35186788174074,88.21654635596416,108.97944820036722,Diamondback Women's Serene Classic Comfort Bi
2016-07-31,91,96.75538042632866,86.53521163683602,106.57318182685795,Diamondback Women's Serene Classic Comfort Bi
2016-08-07,95,93.50607008868484,82.49741136567069,103.62525827229894,Diamondback Women's Serene Classic Comfort Bi
2016-08-14,91,91.33467055346011,80.19473656904862,101.19392293792376,Diamondback Women's Serene Classic Comfort Bi
2016-08-21,108,91.48146801105108,80.96298358322399,102.23996729176976,Diamondback Women's Serene Classic Comfort Bi
2016-08-28,77,93.27113877947944,82.47150567160708,102.94267432211254,Diamondback Women's Serene Classic Comfort Bi
2016-09-04,92,95.51376256776338,84.83895124954712,105.89571071956343,Diamondback Women's Serene Classic Comfort Bi
2016-09-11,91,97.52994029773123,87.47219287827237,107.87316295011584,Diamondback Women's Serene Classic Comfort Bi
2016-09-18,94,98.8756684288675,89.41020545400143,109.68727693952744,Diamondback Women's Serene Classic Comfort Bi
2016-09-25,98,98.98695685183483,88.59691849604506,108.98604569623056,Diamondback Women's Serene Classic Comfort Bi
2016-10-02,83,97.8365653382961,87.52836152589242,107.89665057119625,Diamondback Women's Serene Classic Comfort Bi
2016-10-09,99,96.67646102567825,85.91533504107157,106.17876682610694,Diamondback Women's Serene Classic Comfort Bi
2016-10-16,94,97.24163949806311,86.65677429502614,106.92378030611624,Diamondback Women's Serene Classic Comfort Bi
2016-10-23,94,99.77774435010045,89.29041891664787,109.996372616411,Diamondback Women's Serene Classic Comfort Bi
2016-10-30,101,102.29389463700994,91.6694285052104,113.28712777688763,Diamondback Women's Serene Classic Comfort Bi
2016-11-06,105,102.40385212553717,92.33728412176215,112.52855060216383,Diamondback Women's Serene Classic Comfort Bi
2016-11-13,99,99.89428333643863,89.7695472252758,110.34601041642911,Diamondback Women's Serene Classic Comfort Bi
2016-11-20,90,96.90500193926582,86.57704069052244,107.5327916439432,Diamondback Women's Serene Classic Comfort Bi
2016-11-27,95,95.32716768579283,84.754139662871,105.80111282195685,Diamondback Women's Serene Classic Comfort Bi
2016-12-04,94,94.56523488631865,83.48208224207471,105.38080924308986,Diamondback Women's Serene Classic Comfort Bi
2016-12-11,104,92.56979695718346,82.30551844379632,103.24270531212174,Diamondback Women's Serene Classic Comfort Bi
2016-12-18,78,88.99340713143725,77.41859442694401,98.70185635342015,Diamondback Women's Serene Classic Comfort Bi
2016-12-25,87,86.42241389618064,75.71424368280691,97.87894020242064,Diamondback Women's Serene Classic Comfort Bi
2017-01-01,92,87.76512911344388,77.39610265710753,98.04049100152395,Diamondback Women's Serene Classic Comfort Bi
2017-01-08,85,92.68187446741302,81.95076962116187,103.27243129404633,Diamondback Women's Serene Classic Comfort Bi
2017-01-15,105,97.46271735133296,86.56485623853871,107.99344607970889,Diamondback Women's Serene Classic Comfort Bi
2017-01-22,100,98.8309324500512,88.24321459675295,109.83263890269951,Diamondback Women's Serene Classic Comfort Bi
2017-01-29,88,97.3753634755211,87.20129096441671,107.37887139211469,Diamondback Women's Serene Classic Comfort Bi
2017-02-05,108,96.58242254817142,85.84384522435103,106.84958797769609,Diamondback Women's Serene Classic Comfort Bi
2017-02-12,97,98.60438330547433,88.02009666582723,109.88122487020581,Diamondback Women's Serene Classic Comfort Bi
2017-02-19,110,101.77732815083075,91.55363850835067,111.84517753005754,Diamondback Women's Serene Classic Comfort Bi
2017-02-26,107,102.77103829853115,91.93810853436656,112.9697217264736,Diamondback Women's Serene Classic Comfort Bi
2017-03-05,113,100.68564862353492,91.53678715147686,111.43800150968,Diamondback Women's Serene Classic Comfort Bi
2017-03-12,98,98.1503841587775,88.1128723436584,109.18951128491882,Diamondback Women's Serene Classic Comfort Bi
2017-03-19,103,98.1945665268743,87.58022693536498,107.99922760025906,Diamondback Women's Serene Classic Comfort Bi
2017-03-26,107,100.73661712153131,90.23392770866288,110.66370110067666,Diamondback Women's Serene Classic Comfort Bi
2017-04-02,92,102.82972936046546,91.87525081664293,113.80034148284359,Diamondback Women's Serene Classic Comfort Bi
2017-04-09,99,102.15084461695254,91.08949652368639,112.00868263641875,Diamondback Women's Serene Classic Comfort Bi
2017-04-16,96,99.44623055338894,88.60479543908096,110.39595336818633,Diamondback Women's Serene Classic Comfort Bi
2017-04-23,111,97.23910156067983,87.06911970757507,107.99136530155235,Diamondback Women's Serene Classic Comfort Bi
2017-04-30,100,96.79023695362766,86.05897441578684,108.05699252550768,Diamondback Women's Serene Classic Comfort Bi
2017-05-07,111,97.16037158253383,86.95393885952976,107.01560969756405,Diamondback Women's Serene Classic Comfort Bi
2017-05-14,113,97.17526016549616,86.19220432624896,107.9279969303043,Diamondback Women's Serene Classic Comfort Bi
2017-05-21,90,97.30194492659814,86.97949120725839,107.65276675013422,Diamondback Women's Serene Classic Comfort Bi
2017-05-28,88,98.79244280542974,87.683186885304,108.8825667654696,Diamondback Women's Serene Classic Comfort Bi
2017-06-04,107,101.31771658599774,90.53481224842429,111.87278997659128,Diamondback Women's Serene Classic Comfort Bi
2017-06-11,90,102.52907398576602,91.01650228099665,112.4953671071054,Diamondback Women's Serene Classic Comfort Bi
2017-06-18,109,100.57575079870142,90.1544653964056,111.1621856815146,Diamondback Women's Serene Classic Comfort Bi
2017-06-25,99,96.63852447440699,86.86160500287893,107.33939116555544,Diamondback Women's Serene Classic Comfort Bi
2017-07-02,85,94.16515950595347,83.34058833912566,104.50946900980861,Diamondback Women's Serene Classic Comfort Bi
2017-07-09,94,95.35557719796553,84.97456493204848,106.14672228095895,Diamondback Women's Serene Classic Comfort Bi
2017-07-16,96,98.81882539719165,88.76467958190727,109.53403701723528,Diamondback Women's Serene Classic Comfort Bi
2017-07-23,109,101.04832870717127,90.1667561673982,111.59469000660033,Diamondback Women's Serene Classic Comfort Bi
2017-07-30,90,99.9979121145004,89.35793240144248,110.34084226331466,Diamondback Women's Serene Classic Comfort Bi
2017-08-06,90,96.8340101211456,86.9286899710407,107.21196892137564,Diamondback Women's Serene Classic Comfort Bi
2017-08-13,89,94.31504803626677,83.99031868055233,104.641355330676,Diamondback Women's Serene Classic Comfort Bi
2017-08-20,92,94.05568740949262,84.33660858783236,104.63302002723555,Diamondback Women's Serene Classic Comfort Bi
2017-08-27,90,95.64566469176818,84.79169453231037,106.33781126610597,Diamondback Women's Serene Classic Comfort Bi
2017-09-03,99,97.874337892685,87.7613358820104,108.14069556579908,Diamondback Women's Serene Classic Comfort Bi
2017-09-10,98,99.96118873386433,90.09179453008356,110.96882136738,Diamondback Women's Serene Classic Comfort Bi
2017-09-17,104,101.46723233043414,91.37708599741342,112.50709746150746,Diamondback Women's Serene Classic Comfort Bi
2017-09-24,97,101.83095223505279,91.2255785574378,111.88506669590134,Diamondback Women's Serene Classic Comfort Bi
2017-10-01,90,100.85186295036988,90.36485199608049,110.83750206904674,Diamondback Women's Serene Classic Comfort Bi
2017-10-08,4,99.55575253019599,87.69057091405702,109.27058305400921,Diamondback Women's Serene Classic Comfort Bi
2015-01-04,222,389.7291935330037,339.92210098377836,437.28025176999836,O'Brien Men's Neoprene Life Vest
2015-01-11,391,384.2001100339705,336.4184601484755,431.090547622123,O'Brien Men's Neoprene Life Vest
2015-01-18,451,395.46823660239784,349.5372929537132,439.4373884465368,O'Brien Men's Neoprene Life Vest
2015-01-25,464,420.3379852037381,373.9719895444083,464.41743273955524,O'Brien Men's Neoprene Life Vest
2015-02-01,388,442.6142230222766,395.0180900706533,491.1743924685721,O'Brien Men's Neoprene Life Vest
2015-02-08,428,446.53070802808674,398.7891329102169,496.0824374836291,O'Brien Men's Neoprene Life Vest
2015-02-15,385,431.216389220535,383.6550416518381,477.24607253483,O'Brien Men's Neoprene Life Vest
2015-02-22,416,410.8279605741279,369.0415147664589,462.2347280200218,O'Brien Men's Neoprene Life Vest
2015-03-01,408,399.8877780363973,354.188927720668,446.84603094029495,O'Brien Men's Neoprene Life Vest
2015-03-08,417,399.8224104233972,351.68782483114177,447.4367798713433,O'Brien Men's Neoprene Life Vest
2015-03-15,398,401.1663060825683,353.6103018485457,448.3723869700598,O'Brien Men's Neoprene Life Vest
2015-03-22,442,397.52186079993453,350.21135849437735,442.590137915458,O'Brien Men's Neoprene Life Vest
2015-03-29,451,393.78280092168234,344.534921388178,435.47770699264885,O'Brien Men's Neoprene Life Vest
2015-04-05,452,398.73439164387037,352.1627971847494,445.71591433186643,O'Brien Men's Neoprene Life Vest
2015-04-12,379,411.7766625349024,364.1420400472754,457.8348499944747,O'Brien Men's Neoprene Life Vest
2015-04-19,433,421.09753020100885,372.1192233493365,467.8067776493109,O'Brien Men's Neoprene Life Vest
2015-04-26,422,416.58100652049563,374.7836482956388,465.6508802629237,O'Brien Men's Neoprene Life Vest
2015-05-03,359,402.1291522029803,353.5943952999573,452.69498274642325,O'Brien Men's Neoprene Life Vest
2015-05-10,408,391.9627349941783,340.30313279506754,440.5489112691066,O'Brien Men's Neoprene Life Vest
2015-05-17,410,394.48937996211083,349.16544339449536,439.1337553893328,O'Brien Men's Neoprene Life Vest
2015-05-24,379,402.5718007688913,354.10671708223475,449.75465505532105,O'Brien Men's Neoprene Life Vest
2015-05-31,380,401.85588290842696,356.37593928702717,448.7391665734046,O'Brien Men's Neoprene Life Vest
2015-06-07,409,387.64821427037634,340.21150839123413,435.2532484369138,O'Brien Men's Neoprene Life Vest
2015-06-14,357,370.9205786994318,323.1437102917513,419.5208258483739,O'Brien Men's Neoprene Life Vest
2015-06-21,452,366.8769705455602,317.9237366780874,414.8446525040247,O'Brien Men's Neoprene Life Vest
2015-06-28,326,379.4117795576089,333.68486061515864,430.50051303658796,O'Brien Men's Neoprene Life Vest
2015-07-05,488,398.33965076133313,350.8717569230957,442.07331362433763,O'Brien Men's Neoprene Life Vest
2015-07-12,410,410.5515331334637,363.37362576410084,459.17326021035495,O'Brien Men's Neoprene Life Vest
2015-07-19,391,411.0754175037432,363.71410537431086,457.2363512258907,O'Brien Men's Neoprene Life Vest
2015-07-26,422,402.8684918715263,356.03417442353003,452.68292581807884,O'Brien Men's Neoprene Life Vest
2015-08-02,386,389.42580462730655,338.56588713093544,436.63229070713015,O'Brien Men's Neoprene Life Vest
2015-08-09,404,371.93230121607064,322.6426637625046,420.46774908023866,O'Brien Men's Neoprene Life Vest
2015-08-16,322,354.0556625609283,308.6416199738607,403.49903055115726,O'Brien Men's Neoprene Life Vest
2015-08-23,306,345.32698581751265,295.7051168233088,391.50851197275585,O'Brien Men's Neoprene Life Vest
2015-08-30,373,355.07620625083007,309.4939839396038,403.8830328833949,O'Brien Men's Neoprene Life Vest
2015-09-06,409,381.94737339827,335.59520080327707,425.6639103498336,O'Brien Men's Neoprene Life Vest
2015-09-13,396,411.86115309806064,363.6472115520109,458.57957154446285,O'Brien Men's Neoprene Life Vest
2015-09-20,524,428.94888794313044,380.9756883500742,474.8117159928073,O'Brien Men's Neoprene Life Vest
2015-09-27,370,428.99167213029034,384.3921231424509,475.61628911072523,O'Brien Men's Neoprene Life Vest
2015-10-04,424,421.4578629724887,374.0785541229762,466.64186472513256,O'Brien Men's Neoprene Life Vest
2015-10-11,396,418.61922749676467,373.47846928909564,467.6570829428862,O'Brien Men's Neoprene Life Vest
2015-10-18,361,423.8221671552399,377.5015704882513,470.2248124432855,O'Brien Men's Neoprene Life Vest
2015-10-25,447,430.4625511497583,381.3592597590816,479.6794274796612,O'Brien Men's Neoprene Life Vest
2015-11-01,403,430.5713738701792,383.04760675386643,479.69776500500035,O'Brien Men's Neoprene Life Vest
2015-11-08,410,422.5957487124817,381.7138761565449,470.5818658639987,O'Brien Men's Neoprene Life Vest
2015-11-15,445,411.3863704087207,364.60775441237854,459.02862515565545,O'Brien Men's Neoprene Life Vest
2015-11-22,410,403.0132276105569,352.8619518245503,448.91132150806703,O'Brien Men's Neoprene Life Vest
2015-11-29,415,400.74431695191373,353.97639506067446,446.65417019902435,O'Brien Men's Neoprene Life Vest
2015-12-06,342,404.2196436393179,354.16752079040697,451.5248742480867,O'Brien Men's Neoprene Life Vest
2015-12-13,380,409.7744414815752,362.78519035325303,454.7311560493691,O'Brien Men's Neoprene Life Vest
2015-12-20,462,411.4453930763233,363.45200221628863,458.43165633278977,O'Brien Men's Neoprene Life Vest
2015-12-27,449,404.72157631976006,357.07091240568224,449.58729690635334,O'Brien Men's Neoprene Life Vest
2016-01-03,426,392.1345719502441,347.5294583627544,439.51017074382617,O'Brien Men's Neoprene Life Vest
2016-01-10,382,384.3973590190102,338.8210731972654,430.70357479477536,O'Brien Men's Neoprene Life Vest
2016-01-17,425,392.4389849148615,344.32076381835543,438.3406564552303,O'Brien Men's Neoprene Life Vest
2016-01-24,393,415.8093399250829,367.3864364820811,462.0060717581752,O'Brien Men's Neoprene Life Vest
2016-01-31,458,439.9511696330775,393.28722827509233,482.37304279354,O'Brien Men's Neoprene Life Vest
2016-02-07,439,447.7498732632626,403.8272836881211,496.22837408881554,O'Brien Men's Neoprene Life Vest
2016-02-14,466,435.12682088134915,384.4581129695097,481.1238805192169,O'Brien Men's Neoprene Life Vest
2016-02-21,430,414.35183518363306,369.4757973686578,460.7350772350234,O'Brien Men's Neoprene Life Vest
2016-02-28,398,401.16558537703486,354.9846448806359,447.51274947541634,O'Brien Men's Neoprene Life Vest
2016-03-06,394,399.6958456615565,354.8339351150352,447.76511115290435,O'Brien Men's Neoprene Life Vest
2016-03-13,392,401.5353693564804,352.22213706066145,442.4639206959493,O'Brien Men's Neoprene Life Vest
2016-03-20,351,398.7375209137731,351.3246987889058,445.1756236046902,O'Brien Men's Neoprene Life Vest
2016-03-27,366,394.2914294854228,346.9511299001563,440.55836179715885,O'Brien Men's Neoprene Life Vest
2016-04-03,363,397.3391538864367,351.4562299541154,443.2941011890514,O'Brien Men's Neoprene Life Vest
2016-04-10,347,409.5896807515621,361.6121889371417,458.0968277507476,O'Brien Men's Neoprene Life Vest
2016-04-17,417,420.58741509272585,372.77776493014306,468.7701947164268,O'Brien Men's Neoprene Life Vest
2016-04-24,446,418.72181611773806,373.81232555010007,464.2311829846507,O'Brien Men's Neoprene Life Vest
2016-05-01,365,405.11488478525825,358.62652999986807,451.800957547618,O'Brien Men's Neoprene Life Vest
2016-05-08,385,393.18035261955623,351.3179166285709,441.28842500678104,O'Brien Men's Neoprene Life Vest
2016-05-15,407,393.52131110905634,346.9346359142726,436.9351972449333,O'Brien Men's Neoprene Life Vest
2016-05-22,391,401.68307633366214,353.01669891696895,448.94350873343063,O'Brien Men's Neoprene Life Vest
2016-05-29,419,403.3465483927671,361.46522515508786,453.94239213836374,O'Brien Men's Neoprene Life Vest
2016-06-05,410,391.12837634879537,343.0494877129096,437.53628037039323,O'Brien Men's Neoprene Life Vest
2016-06-12,342,373.62173350136095,324.18868297773565,418.4898745408169,O'Brien Men's Neoprene Life Vest
2016-06-19,342,366.5632591064891,320.87984681707144,414.3423286536467,O'Brien Men's Neoprene Life Vest
2016-06-26,354,376.57316295562885,328.08191877235083,424.01238885923965,O'Brien Men's Neoprene Life Vest
2016-07-03,429,395.42792789994144,347.4494784799766,440.7449854688427,O'Brien Men's Neoprene Life Vest
2016-07-10,378,409.50859962017785,360.60452374812496,457.8462746403187,O'Brien Men's Neoprene Life Vest
2016-07-17,439,412.04284383422447,366.1260348378253,459.5381668763405,O'Brien Men's Neoprene Life Vest
2016-07-24,402,405.06422259381037,357.5882656977454,455.3212987844393,O'Brien Men's Neoprene Life Vest
2016-07-31,385,392.43632769261217,344.7889891496039,445.50749904712364,O'Brien Men's Neoprene Life Vest
2016-08-07,414,375.5544613379575,327.55687335341526,424.5874952287845,O'Brien Men's Neoprene Life Vest
2016-08-14,310,357.195428231617,310.4942032480331,407.2353848872505,O'Brien Men's Neoprene Life Vest
2016-08-21,411,345.9967890503662,300.3383028504929,392.8825687690369,O'Brien Men's Neoprene Life Vest
2016-08-28,328,352.1314985016363,306.09954217396717,398.09332634264734,O'Brien Men's Neoprene Life Vest
2016-09-04,366,376.69274263599146,333.5439121575749,423.2791330251177,O'Brien Men's Neoprene Life Vest
2016-09-11,349,407.381765787298,358.04870307724667,452.38947671772706,O'Brien Men's Neoprene Life Vest
2016-09-18,489,427.52239264337277,384.0111148790953,473.0069385687608,O'Brien Men's Neoprene Life Vest
2016-09-25,368,430.21832341023264,383.45556513721647,476.07743868365833,O'Brien Men's Neoprene Life Vest
2016-10-02,438,423.0270941351053,375.76139098805857,472.53896166434896,O'Brien Men's Neoprene Life Vest
2016-10-09,426,418.75757070864756,372.454414607907,466.1631889910433,O'Brien Men's Neoprene Life Vest
2016-10-16,518,422.80350781211774,374.24662235840617,468.4789556049589,O'Brien Men's Neoprene Life Vest
2016-10-23,443,429.8692624739835,384.02136553809055,476.7418189048905,O'Brien Men's Neoprene Life Vest
2016-10-30,431,431.491488490058,383.88361333900855,478.7495597202002,O'Brien Men's Neoprene Life Vest
2016-11-06,405,424.73125940388786,377.27772937484883,472.0331948485834,O'Brien Men's Neoprene Life Vest
2016-11-13,395,413.6164839843254,368.853132460973,461.76410796406685,O'Brien Men's Neoprene Life Vest
2016-11-20,429,404.3910741988967,359.35135294787386,453.45857697433627,O'Brien Men's Neoprene Life Vest
2016-11-27,431,400.95781950929825,350.9064209286631,447.0070985135231,O'Brien Men's Neoprene Life Vest
2016-12-04,357,403.58550906613556,354.5418670343942,449.0955671354818,O'Brien Men's Neoprene Life Vest
2016-12-11,443,409.1686022638702,361.21304244223927,459.2543522056754,O'Brien Men's Neoprene Life Vest
2016-12-18,411,411.98060570622687,367.2021861521901,456.0328855078976,O'Brien Men's Neoprene Life Vest
2016-12-25,417,406.8345502805812,358.5128174079786,453.63190606777505,O'Brien Men's Neoprene Life Vest
2017-01-01,423,394.69230175300004,345.23245253050203,440.34001829595195,O'Brien Men's Neoprene Life Vest
2017-01-08,372,385.1305224539584,336.28352916194814,428.8028292384335,O'Brien Men's Neoprene Life Vest
2017-01-15,393,389.94078702114257,341.1524762089202,439.59194671980885,O'Brien Men's Neoprene Life Vest
2017-01-22,388,411.31372640758224,362.18399261198084,461.2008304568686,O'Brien Men's Neoprene Life Vest
2017-01-29,452,436.72844664809406,392.91708266345245,484.9930888056494,O'Brien Men's Neoprene Life Vest
2017-02-05,449,448.2690550251298,403.59281858709153,493.17200552915193,O'Brien Men's Neoprene Life Vest
2017-02-12,439,438.7674762796389,395.13320472809244,488.3816242504214,O'Brien Men's Neoprene Life Vest
2017-02-19,431,418.1535680028137,372.78813054692966,468.2290623578534,O'Brien Men's Neoprene Life Vest
2017-02-26,470,402.85514797666127,358.9066667597235,449.8274039059786,O'Brien Men's Neoprene Life Vest
2017-03-05,300,399.6725385403058,355.44457195022807,448.18607865176045,O'Brien Men's Neoprene Life Vest
2017-03-12,435,401.7219216318134,353.29192390716713,449.15363866962264,O'Brien Men's Neoprene Life Vest
2017-03-19,413,399.88104173650834,350.5183976296605,447.0855860706388,O'Brien Men's Neoprene Life Vest
2017-03-26,358,395.0619373373577,347.78217601157684,444.0712275689808,O'Brien Men's Neoprene Life Vest
2017-04-02,432,396.275442182816,350.6755716875643,440.7261876805149,O'Brien Men's Neoprene Life Vest
2017-04-09,422,407.36704662088846,361.6959196231692,456.26614035853896,O'Brien Men's Neoprene Life Vest
2017-04-16,435,419.6283473007186,372.86862367658256,465.8272366810023,O'Brien Men's Neoprene Life Vest
2017-04-23,394,420.45039959485064,371.422129593757,468.31898747497974,O'Brien Men's Neoprene Life Vest
2017-04-30,466,408.16238714797356,359.77592061943903,454.72510472246734,O'Brien Men's Neoprene Life Vest
2017-05-07,434,394.8355365327205,346.6186918960231,443.55949931541915,O'Brien Men's Neoprene Life Vest
2017-05-14,373,392.83292924447244,345.61566958457246,441.99442659666187,O'Brien Men's Neoprene Life Vest
2017-05-21,366,400.5660373828378,354.9234079177489,449.13490535468407,O'Brien Men's Neoprene Life Vest
2017-05-28,413,404.3459836013235,359.516727516679,451.7827060911768,O'Brien Men's Neoprene Life Vest
2017-06-04,436,394.4185262455381,349.12570809503706,437.37695976739724,O'Brien Men's Neoprene Life Vest
2017-06-11,365,376.6840717824679,330.4053036215773,419.96343232569234,O'Brien Men's Neoprene Life Vest
2017-06-18,356,366.83838267341645,319.3589525892476,415.34646359189264,O'Brien Men's Neoprene Life Vest
2017-06-25,341,374.0314689594653,325.1298282454136,425.3042158348177,O'Brien Men's Neoprene Life Vest
2017-07-02,378,392.3418541550172,347.75524332500765,440.0676296471561,O'Brien Men's Neoprene Life Vest
2017-07-09,400,408.07109877249445,362.21151084806803,458.5705762333071,O'Brien Men's Neoprene Life Vest
2017-07-16,409,412.7036195072948,366.99894662036814,460.28210462922885,O'Brien Men's Neoprene Life Vest
2017-07-23,381,407.08990048947874,360.4424271539754,453.1516364652298,O'Brien Men's Neoprene Life Vest
2017-07-30,364,395.30802845198934,344.6438694786333,442.6286217066121,O'Brien Men's Neoprene Life Vest
2017-08-06,383,379.1106179864001,331.7680041269336,432.65067571153384,O'Brien Men's Neoprene Life Vest
2017-08-13,378,360.5567330272288,313.6585680640811,409.3043137592639,O'Brien Men's Neoprene Life Vest
2017-08-20,356,347.2452226330747,301.9408353569202,394.8650315117844,O'Brien Men's Neoprene Life Vest
2017-08-27,393,349.814445730207,300.25770075830184,394.84396929545625,O'Brien Men's Neoprene Life Vest
2017-09-03,448,371.64699878165214,326.8272778522873,418.6829067072127,O'Brien Men's Neoprene Life Vest
2017-09-10,301,402.5369387487216,357.1168848717276,449.6731058681829,O'Brien Men's Neoprene Life Vest
2017-09-17,362,425.49672288157325,381.9785345899769,473.88842868312315,O'Brien Men's Neoprene Life Vest
2017-09-24,407,431.11488117919333,385.3584274036327,479.32214289787055,O'Brien Men's Neoprene Life Vest
2017-10-01,372,424.7125931089301,375.5629189999264,470.44495474511797,O'Brien Men's Neoprene Life Vest
2017-10-08,23,419.19301584094376,371.7324167460018,464.66043487795474,O'Brien Men's Neoprene Life Vest
2015-01-04,144,198.68589372429562,167.06307758085447,231.7889092253289,Under Armour Girls' Toddler Spine Surge Runni
2015-01-11,198,207.71199532857185,174.07795301029236,243.09509287418558,Under Armour Girls' Toddler Spine Surge Runni
2015-01-18,252,224.2491248185584,188.48515662069707,258.9553348459786,Under Armour Girls' Toddler Spine Surge Runni
2015-01-25,254,234.2183960209466,201.70238581041792,271.3954510252056,Under Armour Girls' Toddler Spine Surge Runni
2015-02-01,222,229.54957624741823,194.20632295697217,265.76301878029005,Under Armour Girls' Toddler Spine Surge Runni
2015-02-08,235,215.8985852322361,182.08664917609593,249.88775503350365,Under Armour Girls' Toddler Spine Surge Runni
2015-02-15,210,206.7440420013536,174.37945564349116,240.77610114039334,Under Armour Girls' Toddler Spine Surge Runni
2015-02-22,241,209.9378738286911,175.94273042295225,242.24609510519275,Under Armour Girls' Toddler Spine Surge Runni
2015-03-01,260,220.65151814614225,187.56377678793484,254.5489327089069,Under Armour Girls' Toddler Spine Surge Runni
2015-03-08,268,227.679011786313,195.12023849332164,259.7403876206663,Under Armour Girls' Toddler Spine Surge Runni
2015-03-15,222,225.7116772042623,188.9320391501102,258.6012320573516,Under Armour Girls' Toddler Spine Surge Runni
2015-03-22,218,220.15007629443136,186.39734422497824,252.64809984480297,Under Armour Girls' Toddler Spine Surge Runni
2015-03-29,254,219.79592312334717,187.04877104327707,254.67067221611123,Under Armour Girls' Toddler Spine Surge Runni
2015-04-05,206,226.35981763326146,194.85921310305343,259.15802870936835,Under Armour Girls' Toddler Spine Surge Runni
2015-04-12,227,232.82582774827011,200.71782311553076,265.4714395185856,Under Armour Girls' Toddler Spine Surge Runni
2015-04-19,208,232.09803331046635,198.52873602332255,266.3728406799189,Under Armour Girls' Toddler Spine Surge Runni
2015-04-26,176,225.4359535073635,190.41256856344992,260.8597248502365,Under Armour Girls' Toddler Spine Surge Runni
2015-05-03,261,220.71447146430535,186.42202963098387,255.78882598707145,Under Armour Girls' Toddler Spine Surge Runni
2015-05-10,233,222.69711297287262,190.41943257047518,254.0334881886988,Under Armour Girls' Toddler Spine Surge Runni
2015-05-17,232,227.01203940461843,194.70678489414047,261.40984804940774,Under Armour Girls' Toddler Spine Surge Runni
2015-05-24,212,225.2316973396749,189.176205099162,258.02083100054216,Under Armour Girls' Toddler Spine Surge Runni
2015-05-31,224,215.35988287659126,181.21577073070364,248.48074412815353,Under Armour Girls' Toddler Spine Surge Runni
2015-06-07,226,205.39665569866395,170.23494927079153,237.9454385319331,Under Armour Girls' Toddler Spine Surge Runni
2015-06-14,181,205.31382003271025,170.81575516646157,238.56559823475328,Under Armour Girls' Toddler Spine Surge Runni
2015-06-21,236,216.05252604368616,181.69080913737213,248.41809146666557,Under Armour Girls' Toddler Spine Surge Runni
2015-06-28,203,227.86146664102876,194.73506007645824,261.78612587901006,Under Armour Girls' Toddler Spine Surge Runni
2015-07-05,248,230.1248127490125,195.21582516431084,266.47914500832013,Under Armour Girls' Toddler Spine Surge Runni
2015-07-12,227,222.17421890378142,189.14911495042742,257.34060741603327,Under Armour Girls' Toddler Spine Surge Runni
2015-07-19,189,213.5161786477837,183.0205964615549,247.98639170915845,Under Armour Girls' Toddler Spine Surge Runni
2015-07-26,276,213.45094414999323,179.1474475187154,246.81591408792272,Under Armour Girls' Toddler Spine Surge Runni
2015-08-02,185,221.3767085093647,187.20308334488794,256.81910687335704,Under Armour Girls' Toddler Spine Surge Runni
2015-08-09,190,227.97460701858006,194.04235700173427,259.9000724009974,Under Armour Girls' Toddler Spine Surge Runni
2015-08-16,240,225.59463099559957,191.49571824668615,260.0727825763165,Under Armour Girls' Toddler Spine Surge Runni
2015-08-23,235,216.5523540958336,183.17489983317714,248.6213984065959,Under Armour Girls' Toddler Spine Surge Runni
2015-08-30,187,210.67270710457902,178.0859108794509,243.1394194942703,Under Armour Girls' Toddler Spine Surge Runni
2015-09-06,211,214.90687562380046,180.67300874117564,248.71781376575237,Under Armour Girls' Toddler Spine Surge Runni
2015-09-13,212,225.90411378459078,193.989468648769,260.98446167563685,Under Armour Girls' Toddler Spine Surge Runni
2015-09-20,276,233.06951091651487,196.4191479939782,266.8566828180767,Under Armour Girls' Toddler Spine Surge Runni
2015-09-27,218,228.91555398463976,196.41118486201253,262.63970884183806,Under Armour Girls' Toddler Spine Surge Runni
2015-10-04,225,216.431481316998,180.82020848357254,249.32871056058576,Under Armour Girls' Toddler Spine Surge Runni
2015-10-11,242,206.39754270237322,173.7002650087547,241.12100230826232,Under Armour Girls' Toddler Spine Surge Runni
2015-10-18,198,207.39252631889485,174.15884525734708,239.85139994532418,Under Armour Girls' Toddler Spine Surge Runni
2015-10-25,193,218.06016146568186,182.09600943784218,249.03599002191882,Under Armour Girls' Toddler Spine Surge Runni
2015-11-01,237,228.80030351953152,197.36377909419454,265.9484248678193,Under Armour Girls' Toddler Spine Surge Runni
2015-11-08,222,231.0208325994241,197.39931790428687,263.90161517303477,Under Armour Girls' Toddler Spine Surge Runni
2015-11-15,268,224.9843814842997,192.78439340291993,260.5643165383691,Under Armour Girls' Toddler Spine Surge Runni
2015-11-22,226,218.73609285013643,182.91690729826254,251.52765817920132,Under Armour Girls' Toddler Spine Surge Runni
2015-11-29,223,219.29552625322975,185.6634723033688,252.00665243824525,Under Armour Girls' Toddler Spine Surge Runni
2015-12-06,228,225.02725307157164,191.1986559471687,257.5792518099198,Under Armour Girls' Toddler Spine Surge Runni
2015-12-13,195,227.1948162442286,193.1052323136763,262.295561861397,Under Armour Girls' Toddler Spine Surge Runni
2015-12-20,238,219.53856881729433,186.00510120410513,250.59477446340006,Under Armour Girls' Toddler Spine Surge Runni
2015-12-27,237,206.1167362864731,173.64934212039134,240.31769167603,Under Armour Girls' Toddler Spine Surge Runni
2016-01-03,236,198.6759928659101,165.7690896061841,231.66243680380012,Under Armour Girls' Toddler Spine Surge Runni
2016-01-10,237,205.27506692685444,168.77665550298536,238.32159056385123,Under Armour Girls' Toddler Spine Surge Runni
2016-01-17,185,221.4548896867779,189.71876835082503,254.73469811962323,Under Armour Girls' Toddler Spine Surge Runni
2016-01-24,187,233.53129205101635,197.63562042429703,268.9694038316118,Under Armour Girls' Toddler Spine Surge Runni
2016-01-31,229,231.45821070449148,197.99256176086587,268.48303154052,Under Armour Girls' Toddler Spine Surge Runni
2016-02-07,207,218.47806385332012,183.8252392544204,250.5257733743701,Under Armour Girls' Toddler Spine Surge Runni
2016-02-14,196,207.61742912234348,174.42144054809805,239.12094806592168,Under Armour Girls' Toddler Spine Surge Runni
2016-02-21,195,208.60397700524314,174.55831096225157,241.6566499643616,Under Armour Girls' Toddler Spine Surge Runni
2016-02-28,221,218.77730624914253,187.01400363874075,252.05665959847113,Under Armour Girls' Toddler Spine Surge Runni
2016-03-06,241,227.15830955820928,194.3698370046254,261.77059303705465,Under Armour Girls' Toddler Spine Surge Runni
2016-03-13,196,226.672630314872,192.17903640161026,261.0680680178584,Under Armour Girls' Toddler Spine Surge Runni
2016-03-20,187,221.0473400433521,184.7424964251182,253.1973981703932,Under Armour Girls' Toddler Spine Surge Runni
2016-03-27,227,219.3387302800577,185.97101280351248,252.23217844392087,Under Armour Girls' Toddler Spine Surge Runni
2016-04-03,251,225.00311848226727,191.24512224163766,255.55943641015338,Under Armour Girls' Toddler Spine Surge Runni
2016-04-10,206,232.15347687171302,200.41003024555164,266.1105828478497,Under Armour Girls' Toddler Spine Surge Runni
2016-04-17,271,232.9061191499478,199.86264011806242,264.9400034295953,Under Armour Girls' Toddler Spine Surge Runni
2016-04-24,216,226.80818531553808,193.99193501044948,262.28769347130225,Under Armour Girls' Toddler Spine Surge Runni
2016-05-01,223,221.16701871209372,185.7124459942954,254.83159677289416,Under Armour Girls' Toddler Spine Surge Runni
2016-05-08,157,222.01188396133787,188.53546410510646,256.61516555587247,Under Armour Girls' Toddler Spine Surge Runni
2016-05-15,241,226.55168326597905,189.747274898277,258.3888076537935,Under Armour Girls' Toddler Spine Surge Runni
2016-05-22,213,226.307351348318,191.84052744213122,261.3952092993662,Under Armour Girls' Toddler Spine Surge Runni
2016-05-29,193,217.53380412957438,185.4730437397377,249.46353737964594,Under Armour Girls' Toddler Spine Surge Runni
2016-06-05,238,206.74713959956642,172.35092410490523,239.56917229560196,Under Armour Girls' Toddler Spine Surge Runni
2016-06-12,173,204.47125139531806,167.81673674193445,237.97543404768487,Under Armour Girls' Toddler Spine Surge Runni
2016-06-19,219,213.76464883001907,178.83800410882264,250.5245271646642,Under Armour Girls' Toddler Spine Surge Runni
2016-06-26,226,226.31163056464715,198.24911206614732,262.02104955419435,Under Armour Girls' Toddler Spine Surge Runni
2016-07-03,248,230.6972353515588,196.5440984654535,264.27178664660244,Under Armour Girls' Toddler Spine Surge Runni
2016-07-10,188,224.06910282811498,189.8120916942246,260.0519219672065,Under Armour Girls' Toddler Spine Surge Runni
2016-07-17,220,214.68056032674932,180.46116704710022,249.09521506527113,Under Armour Girls' Toddler Spine Surge Runni
2016-07-24,186,212.7802640681462,175.57517217244626,246.82745649381135,Under Armour Girls' Toddler Spine Surge Runni
2016-07-31,183,219.81959257082528,186.27268560279944,253.95369319387999,Under Armour Girls' Toddler Spine Surge Runni
2016-08-07,240,227.41902993299522,192.10121225729173,262.827261207731,Under Armour Girls' Toddler Spine Surge Runni
2016-08-14,248,226.79683989392592,194.18002442754013,259.4365340840038,Under Armour Girls' Toddler Spine Surge Runni
2016-08-21,260,218.32375031083762,185.3499207693567,254.0867509636313,Under Armour Girls' Toddler Spine Surge Runni
2016-08-28,201,211.14107674719085,178.29215751682025,242.52901921599653,Under Armour Girls' Toddler Spine Surge Runni
2016-09-04,197,213.49281684647056,180.10639947071206,245.38591930422822,Under Armour Girls' Toddler Spine Surge Runni
2016-09-11,222,223.9692807250082,190.52479801903175,256.3428346978058,Under Armour Girls' Toddler Spine Surge Runni
2016-09-18,240,232.6004541737113,196.40708078762106,264.0681432242389,Under Armour Girls' Toddler Spine Surge Runni
2016-09-25,256,230.57826530900644,196.41104140998817,263.0778945258982,Under Armour Girls' Toddler Spine Surge Runni
2016-10-02,156,218.90407697430237,184.48635962634265,253.41432661303006,Under Armour Girls' Toddler Spine Surge Runni
2016-10-09,192,207.59766775803845,175.397086361802,243.50707179045958,Under Armour Girls' Toddler Spine Surge Runni
2016-10-16,201,206.39724022456917,173.02273449098206,237.38663315256036,Under Armour Girls' Toddler Spine Surge Runni
2016-10-23,270,215.90180618359415,182.16082244070702,248.76128621393275,Under Armour Girls' Toddler Spine Surge Runni
2016-10-30,225,227.42695061487763,193.39865683075877,262.28633921168415,Under Armour Girls' Toddler Spine Surge Runni
2016-11-06,200,231.45123022439168,198.51358865124936,265.17886650034706,Under Armour Girls' Toddler Spine Surge Runni
2016-11-13,216,226.4338839212839,195.27923650298146,261.96342577387344,Under Armour Girls' Toddler Spine Surge Runni
2016-11-20,200,219.5432868417901,188.10455634351763,256.2047757026107,Under Armour Girls' Toddler Spine Surge Runni
2016-11-27,205,218.71465801069309,185.98062715709517,253.5893465800044,Under Armour Girls' Toddler Spine Surge Runni
2016-12-04,276,224.0583608530784,190.62480940698825,258.37694998861764,Under Armour Girls' Toddler Spine Surge Runni
2016-12-11,194,227.537577603954,196.2728075966854,262.0446737232431,Under Armour Girls' Toddler Spine Surge Runni
2016-12-18,189,221.6718692913451,190.33985481595295,255.76885854817488,Under Armour Girls' Toddler Spine Surge Runni
2016-12-25,269,208.51694358332384,174.48155358696897,244.0736545759072,Under Armour Girls' Toddler Spine Surge Runni
2017-01-01,129,199.144335949123,166.40773307134268,232.54134185487177,Under Armour Girls' Toddler Spine Surge Runni
2017-01-08,233,203.16551700746905,172.1552401046655,236.4536939090176,Under Armour Girls' Toddler Spine Surge Runni
2017-01-15,212,218.51413469847253,186.66837823752397,251.40015239709155,Under Armour Girls' Toddler Spine Surge Runni
2017-01-22,230,232.34916193258695,199.56600854730056,265.43883914756486,Under Armour Girls' Toddler Spine Surge Runni
2017-01-29,269,232.98645154202325,198.48876869983317,267.93978236920253,Under Armour Girls' Toddler Spine Surge Runni
2017-02-05,246,221.13220133997018,185.06246543539004,256.95199007147664,Under Armour Girls' Toddler Spine Surge Runni
2017-02-12,193,208.90324935200485,176.34471826241625,243.33662536409182,Under Armour Girls' Toddler Spine Surge Runni
2017-02-19,157,207.58553537442234,173.6167030360651,241.79198413988152,Under Armour Girls' Toddler Spine Surge Runni
2017-02-26,201,216.83181355799482,182.82964787320824,250.71071257343084,Under Armour Girls' Toddler Spine Surge Runni
2017-03-05,230,226.32050344687062,192.65983409363804,259.859705111618,Under Armour Girls' Toddler Spine Surge Runni
2017-03-12,194,227.45267667047437,196.48924880285307,261.6944254671513,Under Armour Girls' Toddler Spine Surge Runni
2017-03-19,232,222.08624782069967,186.1980278067889,255.40678258447502,Under Armour Girls' Toddler Spine Surge Runni
2017-03-26,223,219.14499343319062,185.85072730612671,254.02884606522449,Under Armour Girls' Toddler Spine Surge Runni
2017-04-02,219,223.69979808833133,190.34481551603412,258.4384600524925,Under Armour Girls' Toddler Spine Surge Runni
2017-04-09,249,231.25415339342217,196.60588311971168,264.97310017380863,Under Armour Girls' Toddler Spine Surge Runni
2017-04-16,215,233.47183830569668,199.01624536634154,267.4152847826849,Under Armour Girls' Toddler Spine Surge Runni
2017-04-23,257,228.19889852338463,194.40144380453384,265.432242546693,Under Armour Girls' Toddler Spine Surge Runni
2017-04-30,255,221.85358423776825,186.7710849556241,255.5367329234704,Under Armour Girls' Toddler Spine Surge Runni
2017-05-07,216,221.46220229237227,185.46854848307837,255.16207566399055,Under Armour Girls' Toddler Spine Surge Runni
2017-05-14,239,225.92456836540296,192.75376086980174,259.1019582108718,Under Armour Girls' Toddler Spine Surge Runni
2017-05-21,250,227.0797014904369,194.48101965265127,261.9035081603506,Under Armour Girls' Toddler Spine Surge Runni
2017-05-28,201,219.63102089216332,184.9838513786124,254.08084516658442,Under Armour Girls' Toddler Spine Surge Runni
2017-06-04,209,208.39135385298897,173.22319601188903,240.88156295142957,Under Armour Girls' Toddler Spine Surge Runni
2017-06-11,227,204.03192689117557,169.0457174237779,237.82942584379444,Under Armour Girls' Toddler Spine Surge Runni
2017-06-18,196,211.58989985652062,177.0145390753861,244.22140732846736,Under Armour Girls' Toddler Spine Surge Runni
2017-06-25,231,224.47573755963555,190.3149226707718,256.16827954907274,Under Armour Girls' Toddler Spine Surge Runni
2017-07-02,239,230.88507477895376,198.05703707784264,265.08877564570855,Under Armour Girls' Toddler Spine Surge Runni
2017-07-09,227,225.87016861835357,191.0653402370707,258.5126317446164,Under Armour Girls' Toddler Spine Surge Runni
2017-07-16,195,216.11041289702868,182.05638877566494,248.30810791073458,Under Armour Girls' Toddler Spine Surge Runni
2017-07-23,263,212.4242445631013,177.6840462885893,245.97869556270166,Under Armour Girls' Toddler Spine Surge Runni
2017-07-30,249,218.28138980587556,183.92152930498312,251.52875765167255,Under Armour Girls' Toddler Spine Surge Runni
2017-08-06,224,226.57363427169355,193.5183926384325,259.9485183068281,Under Armour Girls' Toddler Spine Surge Runni
2017-08-13,200,227.72234629160747,193.7918204357335,260.1076995393335,Under Armour Girls' Toddler Spine Surge Runni
2017-08-20,228,220.1390111021521,185.88459903872433,253.5588788134306,Under Armour Girls' Toddler Spine Surge Runni
2017-08-27,188,211.94234848360702,177.8797201591712,244.90237192948155,Under Armour Girls' Toddler Spine Surge Runni
2017-09-03,239,212.3633563283327,178.24807761057363,250.40504329097948,Under Armour Girls' Toddler Spine Surge Runni
2017-09-10,233,221.9721556490169,186.4609374631624,257.41355748377003,Under Armour Girls' Toddler Spine Surge Runni
2017-09-17,229,231.76262487083625,198.40026938545438,263.9937219926959,Under Armour Girls' Toddler Spine Surge Runni
2017-09-24,226,231.90657952418127,198.50837742711948,265.6734746985305,Under Armour Girls' Toddler Spine Surge Runni
2017-10-01,195,221.3893281665679,186.87693098549485,253.18385981294665,Under Armour Girls' Toddler Spine Surge Runni
2017-10-08,5,209.1470802972174,174.99999348109844,244.3427619887567,Under Armour Girls' Toddler Spine Surge Runni
